<?xml version="1.0" encoding="UTF-8"?>
<beans:beans xmlns="http://www.springframework.org/schema/mvc"
	xmlns:xsi="http://www.w3.org/2001/XMLSchema-instance"
	xmlns:beans="http://www.springframework.org/schema/beans"
	xmlns:context="http://www.springframework.org/schema/context"
	xmlns:security="http://www.springframework.org/schema/security"
	xsi:schemaLocation="http://www.springframework.org/schema/security http://www.springframework.org/schema/security/spring-security-4.2.xsd
		http://www.springframework.org/schema/mvc https://www.springframework.org/schema/mvc/spring-mvc.xsd
		http://www.springframework.org/schema/beans https://www.springframework.org/schema/beans/spring-beans.xsd
		http://www.springframework.org/schema/context https://www.springframework.org/schema/context/spring-context.xsd">

	<!-- DispatcherServlet Context: defines this servlet's request-processing 
		infrastructure -->

	<!-- Enables the Spring MVC @Controller programming model -->
	<annotation-driven />

	<!-- Handles HTTP GET requests for /resources/** by efficiently serving 
		up static resources in the ${webappRoot}/resources directory -->
	<resources mapping="/resources/**" location="/resources/" />
	<resources mapping="/images/**"
		location="/WEB-INF/views/images/" />
<!-- 	<resources mapping="/images/**"
		location="C:/images/product/" /> -->
	<resources mapping="/css/**" location="/WEB-INF/views/css/" />
	<resources mapping="/js/**" location="/WEB-INF/views/js/" />

	<!-- Resolves views selected for rendering by @Controllers to .jsp resources 
		in the /WEB-INF/views directory -->
	<beans:bean
		class="org.springframework.web.servlet.view.InternalResourceViewResolver">
		<beans:property name="prefix" value="/WEB-INF/views/" />
		<beans:property name="suffix" value=".jsp" />
	</beans:bean>



	<!-- 김정훈 -->
	<!-- 파일 업로드로 들어오는 데이터를 처리하는 객체 -->
	<beans:bean id="multipartResolver" class="org.springframework.web.multipart.commons.CommonsMultipartResolver">
		<beans:property name="maxUploadSize" value="10485760" /> <!-- 10mb 제한 -->
	</beans:bean>

	
<!--	<context:component-scan base-package="com.atworks.kjh" /> -->

	<!-- 김정훈 끝 -->

<!-- 	<context:component-scan base-package="com.atworks.cjm" /> -->
 
		<context:component-scan base-package="kr.co.web" />
		
	    <!-- scan -->
    <context:component-scan base-package="kr.co.web.model.*"></context:component-scan>    <!-- scan --> 

    <context:component-scan base-package="kr.co.web.model.board.BoardDao"></context:component-scan>
 
    <context:component-scan base-package="kr.co.web.model.Product.productDto"></context:component-scan>
 
    

</beans:beans>
