<?xml version="1.0" encoding="UTF-8"?>
<beans xmlns="http://www.springframework.org/schema/beans"

	xmlns:xsi="http://www.w3.org/2001/XMLSchema-instance"

	xmlns:mybatis-spring="http://mybatis.org/schema/mybatis-spring"

	xsi:schemaLocation="

http://mybatis.org/schema/mybatis-spring 

http://mybatis.org/schema/mybatis-spring.xsd

http://www.springframework.org/schema/beans http://www.springframework.org/schema/beans/spring-beans.xsd">



	<!--dataSource 객체 설정 -->

	<bean id="dataSource"
		class="org.springframework.jdbc.datasource.DriverManagerDataSource">

		<property name="driverClassName"
			value="org.mariadb.jdbc.Driver" />

		<property name="url"
			value="jdbc:mariadb://192.168.0.7:3306/shopingmall" />

		<property name="username" value="root"></property>

		<property name="password" value="wongi0595"></property>

	</bean>



	<!-- SqlSessionFactory 객체 설정 -->

	<bean id="SqlSessionFactory"
		class="org.mybatis.spring.SqlSessionFactoryBean">

		<property name="dataSource" ref="dataSource" />

		<property name="mapperLocations"
			value="classpath:/mappers/**/*.xml" />

	</bean>



	<!-- SqlSession Template 설정 -->

	<bean id="sqlSession"
		class="org.mybatis.spring.SqlSessionTemplate"
		destroy-method="clearCache">

		<constructor-arg name="sqlSessionFactory"
			ref="sqlSessionFactory" />

	</bean>

</beans>



