<?xml version="1.0" encoding="UTF-8"?>
<beans xmlns="http://www.springframework.org/schema/beans"
	xmlns:xsi="http://www.w3.org/2001/XMLSchema-instance"
	xmlns:aop="http://www.springframework.org/schema/aop"
	xmlns:context="http://www.springframework.org/schema/context"
	xmlns:jdbc="http://www.springframework.org/schema/jdbc"
	xmlns:mybatis-spring="http://mybatis.org/schema/mybatis-spring"
	xsi:schemaLocation="http://www.springframework.org/schema/jdbc http://www.springframework.org/schema/jdbc/spring-jdbc-4.3.xsd
		http://mybatis.org/schema/mybatis-spring http://mybatis.org/schema/mybatis-spring-1.2.xsd
		http://www.springframework.org/schema/beans https://www.springframework.org/schema/beans/spring-beans.xsd
		http://www.springframework.org/schema/context http://www.springframework.org/schema/context/spring-context-4.1.xsd
		http://www.springframework.org/schema/aop http://www.springframework.org/schema/aop/spring-aop-4.1.xsd">
		
		<!-- MariaDB JDBC DataSource -->
	<!-- 
	<bean id="dataSource" class="org.springframework.jdbc.datasource.DriverManagerDataSource">
		<property name="driverClassName" value="org.mariadb.jdbc.Driver" />
		<property name="url" value="jdbc:mariadb://127.0.0.1:3306/shopingmall" />
		<property name="username" value="root" />
		<property name="password" value="ssw824" />
	</bean>
	 -->
	 
	<bean id="dataSource" class="org.springframework.jdbc.datasource.DriverManagerDataSource">
		<property name="driverClassName" value="org.mariadb.jdbc.Driver" />
		<property name="url" value="jdbc:mariadb://192.168.0.7:3306/shopingmall" />
		<property name="username" value="root" />
		<property name="password" value="wongi0595" />
		<!-- <property name="password" value="147258" /> -->
	</bean>
    
    <!-- mybatis SqlSessionFactoryBean -->
	<bean id="sqlSessionFactory" class="org.mybatis.spring.SqlSessionFactoryBean">
		<property name="dataSource" ref="dataSource" />
		<property name="configLocation" value="classpath:/mybatis-config.xml" />
        	<property name="mapperLocations" value="classpath*:/mappers/**/*Mapper.xml" />
	</bean>
	
	<bean id="sqlSession" class="org.mybatis.spring.SqlSessionTemplate">
        <constructor-arg name="sqlSessionFactory" ref="sqlSessionFactory"/>
    </bean>
    <!-- email 인증 관련   -->
    <!-- 구글,다음 등 사이트마다 메일 설정하는 포트가 다름 -->
    <!-- navermail설정 -->
	<bean id="mailSender" class="org.springframework.mail.javamail.JavaMailSenderImpl"> 
	 <property name="host" value="smtp.naver.com"/> <!-- 메이서버 호스트 -->
	 <property name="port" value="465"/> <!-- 메이서버 포트번호 -->
	 <property name="username" value="자신의 이메일 아이디"/> <!-- 자신의 이메일 아이디 -->
	 <property name="password" value="자신의 비밀번호"/> <!-- 자신의 비밀번호 -->
	   <!-- 보안연결 SSL과 관련된 설정 -->
	 <property name="javaMailProperties">
	  <props>
	  <prop key="mail.smtp.auth">true</prop>
	  <prop key="mail.smtp.starttls.enable">true</prop>
	  <prop key="mail.smtps.checkserveridentity">true</prop>
	  <prop key="mail.smtps.ssl.trust">*</prop>
	  <prop key="mail.debug">true</prop>
	  <prop key="mail.smtp.socketFactory.class">javax.net.ssl.SSLSocketFactory</prop>
	  </props>
	 </property>
	</bean>
	
	    <!-- scan -->
    <context:component-scan base-package="kr.co.web.model.*"></context:component-scan>    <!-- scan --> 

    <context:component-scan base-package="kr.co.web.model.board.BoardDao"></context:component-scan>
 
    <context:component-scan base-package="kr.co.web.model.Product.productDto"></context:component-scan>
 
    
    
    
</beans>
